Clinician/Group Name,Phone,Address,Website,City/Area,Gender,Virtual Option,Insurance List,Specialty(ies) List,Ages Served,Therapeutic Approaches
A Healing Paradigm,404-635-6021,"1867 Harvard Ave.
College Park, GA	30337",www.AHealingParadigm.com,College Park,"Female, Male",In Person and Virtual Options,"Aetna, Various, AmBetter, Amerigroup, APS, BlueCross/BlueShield, Cigna, Coventry, Medicaid, Peachstate, Tricare, Wellcare","Addiction/Substance Use, Anxiety, Depression, Eating Disorders/Body Image, Behavioral Challenges, Family Changes, Grief & Loss, Psychoeducational Testing, Social Skill Development, Stress Management, Trauma or PTSD",All Ages,"Holistic/Integrative Therapy, Trauma Focused Therapy"
A New Start Counseling Center,(770) 461-9944,"115 Habersham Dr.
Fayetteville, GA 30214",www.newstartcounseling.com,Newnan,"Female, Male",In Person Only,Various,"Addiction/Substance Use, ADHD, Ander Management, Anxiety, Behavioral Challenges, Depression, Developmental (ASD), Eating Disorders/Body Image, Family Changes, Grief & Loss, Identity Development, Learning Differences, OCD, Trauma or PTSD",All Ages,
Active Resilience Counseling (ARC),(678) 658-3699,"659 Auburn Avenue Northeast, Suite/Apt 228
Atlanta, GA 30312",https://www.atlarc.org/,"College Park
Atlanta",Female,In Person and Virtual Options,Private Pay Only; Superbill Provided for Out-of-Network Reimbursement,"Academic Support, Addiction/Substance Use, ADHD, Ander Management, Anxiety, Behavioral Challenges, Depression, Developmental (ASD), Family Changes, Family Therapy & Parenting Support, Grief & Loss, Identity Development, OCD, Self-Esteem, Self-Harm, Social Skill Development, Stress Management, Trauma or PTSD",12 and older,"Acceptance & Committment Therapy (ACT), CBT, Attachment-Based Therapy, DBT, EMDR, Somatic Therapy, Other/Eclectic"
"Adair, Candace B., M.D.",(404) 343-3870,"Brookwood Exchange Building
1708 Peachtree Street NW Suite 405
Atlanta, GA  30309",www.benewellness.com,Atlanta,Female,In Person Only,Various,"Academic Support, ADHD, Adoption, Ander Management, Anxiety, Behavioral Challenges, Depression, Family Changes, Grief & Loss, OCD, Family Therapy & Parenting Support, Psychiatrist, Stress Management, Trauma or PTSD",5 and older,
"Affiliated Psychological Services, P.C.",( 770) 205–5760,"6030 Bethelview Road
Suite 401
Cumming, GA 30040",https://www.apsdoc.com/,Cumming,Male,In Person Only,Various,"ADHD, Anxiety, Depression, Family Changes, Learning Differences, OCD, Family Therapy & Parenting Support, Trauma or PTSD",All ages,"CBT, Family Systems Therapy"
"Ainsworth, Elisabeth, MSW",,"3823 Roswell Rd, Suite 207, Marietta, GA 30068",https://www.risegentlytherapy.com/,Marietta,Female,In Person and Virtual Options,Private Pay; Sliding Scale via Open Path Collective ($40-70/session); Accepts FSA/HSA,Family Therapy & Parenting Support,Teens and adults,"Somatic Therapy, Trauma Focused Therapy"
Amy Robbins Counseling,706-406-3404,"Grant Park
470 Cherokee Avenue SE
Atlanta, GA 30315

Kirkwood
1986 Hosea L. Williams Drive NE
Suite C
Atlanta, GA 30317",https://amyrobbinscounseling.com/,Atlanta,"Female, Male",In Person Only,Out-of-Network Only; Superbill Provided,"ADHD, Anxiety, Depression, Developmental (ASD), Eating Disorders/Body Image, Self-Esteem, Social Skill Development, Trauma or PTSD",All ages,"Acceptance & Committment Therapy (ACT), CBT, EMDR"
Anchor Hospital,678-251-3200,"5454 Yorktowne Drive
Atlanta, Georgia 30349",https://anchorhospital.com/,,,In Person and Virtual Options,"Most Major Carriers, Medicare, Managed Medicaid, TRICARE (not traditional GA Medicaid)","Residential, Crisis Intervention",Teens and adults,Trauma Focused Therapy
"Anderson, Malcom, PhD",770-582-0532,"4530 South Berkeley Lake Road, Suite B
Berkeley Lake, GA 30071",https://drmalcolmanderson.net/bio/,"Norcross
Duluth",Male,In Person and Virtual Options,"Self-Pay Only ($200/hr individual, $250/hr couples/family); documentation provided for reimbursement","Ander Management, Anxiety, Depression, Family Changes, Grief & Loss, Identity Development, Family Therapy & Parenting Support, Social Skill Development",All ages,
"Appleton, Tricia, M.D.",(404) 377-3607,"308 4th Avenue
Decatur, GA 3030",www.triciaappletonmd.com,Decatur,Female,In Person Only,,"Anxiety, Behavioral Challenges, Depression, Psychiatrist, Self-Esteem, Trauma or PTSD",Teens and adults,"Attachment-Based Therapy, EMDR, Psychodynamic/Psychoanalytic, Somatic Therapy, Other/Eclectic"
Art It Out,(770) 726-9589,"255 Village Parkway Suite 580
Marietta, GA  3006",http://www.artitout.com,Marietta,"Female, Male",In Person and Virtual Options,Various,"Anxiety, Art Therapy, Family Changes, Self-Esteem, Social Skill Development, Stress Management, Summer Camps & Programs, Developmental (ASD)",All ages,"Art/Expressive Therapy, CBT, DBT, Play Therapy"
Atlanta Center for Wellness, 404.343.4162,"6100 Lake Forrest Drive, Suite 450
Atlanta, GA 30328",https://atlantacenterforwellness.com/,Sandy Springs,"Female, Male",In Person Only,Varies by Clinician (shared-office collective; each maintains independent billing),"Addiction/Substance Use, Anxiety, Depression, Self-Esteem, Eating Disorders/Body Image, Family Changes, Family Therapy & Parenting Support, Trauma or PTSD, Social Skill Development, Psychiatrist",All ages,"Acceptance & Committment Therapy (ACT), CBT, DBT, EMDR, Internal Family Systems (IFS), Play Therapy, Somatic Therapy"
Atlanta Counseling Center,770-396-0232,"6111 Peachtree Dunwoody Rd Building C
Atlanta, GA 30328",https://atlantacounselingcenter.org/,Atlanta,"Female, Male",In Person and Virtual Options,Out-of-Network Only; Superbill/Reimbursement Forms Provided; Nonprofit Sliding-Scale Assistance Fund (Reid Fund),"ADHD, Ander Management, Anxiety, Behavioral Challenges, Depression, Eating Disorders/Body Image, Family Changes, Family Therapy & Parenting Support, Grief & Loss, OCD, Self-Esteem, Self-Harm, Stress Management, Trauma or PTSD",All ages,
Atlanta Counseling Collective,470-284-4889,"3565 Piedmont Road 
Building 2 Suite 510
Atlanta, GA 30305",https://atlantacounselingcollective.com/,Buckhead,Female,In Person and Virtual Options,Various,"Academic Support, ADHD, Ander Management, Anxiety, Depression, Family Changes, OCD, Family Therapy & Parenting Support, Self-Esteem, Social Skill Development, Trauma or PTSD",All ages,
Atlanta Innovative Counseling Center,770.293.1950 ext. 101,"4045 Orchard Park, Suite 110
Smyrna, GA 30080",https://www.atlantainnovativecounseling.com/christi-bartolomucci,Smyrna,Female,In Person and Virtual Options,Various,"ADHD, Adoption, Ander Management, Anxiety, Art Therapy, Behavioral Challenges, Depression, Family Changes, Grief & Loss, Identity Development, Learning Differences, OCD, Family Therapy & Parenting Support, Play Therapy, Psychoeducational Testing, Self-Harm, Stress Management, Trauma or PTSD",All ages,"Art/Expressive Therapy, CBT, Emotionally Focused THerapy (EFT), EMDR, Family Systems Therapy, Play Therapy"
"Barnes, Amanda, LMFT",404-596-8775,"2964 Peachtree Road NW, Suite 760
Atlanta, Georgia 30305",https://growcounseling.com/team/amanda-barnes/,Buckhead,Female,In Person and Virtual Options,Private Pay Only,"Anxiety, Depression, Grief & Loss, Identity Development, Family Changes, Self-Esteem, Self-Harm, Trauma or PTSD",Teens and adults,
Behavioral Health Institute of Atlanta,404-256-9325,"5665 New Northside Dr.
Suite 500
Atlanta, GA  30328",https://www.bia1.com/,Sandy Springs,"Female, Male",In Person and Virtual Options,,"Academic Support, ADHD, Anxiety, Depression, Developmental (ASD), Family Changes, Learning Differences, Psychoeducational Testing, Stress Management",All ages,CBT
Behavioral Health Services of Atlanta,501-213-5220,"5887 Glenridge Dr. NE
Atlanta, GA. 30328",https://bhsofatlanta.com/,Atlanta,"Female, Male",In Person and Virtual Options,Cigna,"Anxiety, ADHD, Depression, Behavioral Challenges, Family Therapy & Parenting Support, Social Skill Development",All ages,"Acceptance & Committment Therapy (ACT), CBT, Person Centered/Humanistic Therapy"
Berman Psychotherapy,(404) 694-2027,"171 Village Parkway NE
Building 8A
Marietta, GA 30067

6425 Powers Ferry Road
Suite 300
Atlanta, GA 30339",https://www.bermanpsychotherapy.com/,"Marietta
Atlanta","Female, Male",In Person and Virtual Options,Various,"ADHD, Anxiety, Depression, Eating Disorders/Body Image, Family Changes, Grief & Loss, Identity Development, Self-Esteem, Stress Management, Trauma or PTSD",Teens and adults,"CBT, DBT, Internal Family Systems (IFS), Trauma Focused Therapy"
"Bishop, Mia LPC",(770) 726-9624,"1640 Powers Ferry Rd
Building 2, Suite 150
Marietta, GA 30067

9810 Medlock Bridge Rd
Building A, Suite 203
Johns Creek, GA 30097",https://www.myinneractions.com/mia-bishop,"Marietta
Johns Creek",Female,In Person and Virtual Options,Various,"ADHD, Anxiety, Depression, Developmental (ASD), Family Changes, Play Therapy, Stress Management, Trauma or PTSD",6 and older,Play Therapy
Bowbend Consulting,,,https://bowbendconsulting.com/,Brookhaven,Female,In Person and Virtual Options,,"Family Therapy & Parenting Support, Behavioral Challenges",,
"Branches College Park
Anchor Hospital Outpatient Services",404-470-9500,"5448 Yorktowne Drive
Atlanta, GA 30349",https://anchorhospital.com/programs-services/branches-outpatient/,College Park,,In Person and Virtual Options,"Most Major Carriers, Medicare, Managed Medicaid, TRICARE (same as Anchor Hospital)",Crisis Intervention,14 and older,Trauma Focused Therapy
"Brizendine, Brad, LPC",(706) 705-2931,"4200 Northside Parkway
Building 14, Suite 350
Atlanta, Georgia 30327",https://www.brizendinecounseling.com/,Atlanta,Male,In Person and Virtual Options,Various,"Anxiety, Depression, Family Changes, Grief & Loss, Social Skill Development, Stress Management",14 and older,"Acceptance & Committment Therapy (ACT), CBT, Christian/Faith-Based Counseling, Person Centered/Humanistic Therapy"
"Burling, April, Ph.D.",(404) 596-8775,"2964 Peachtree Road NW, Suite 760, Atlanta, GA 30305",https://www.growcounseling.com/team/april-burling/,Buckhead,Female,In Person and Virtual Options,Private Pay Only,Psychoeducational Testing,Teens and Adults,Person Centered/Humanistic Therapy
"Campis, Leslie, PhD",470-588-1092,"455 East Paces Ferry Rd. NE 
Ste. 203     
Atlanta, GA 30305",https://drlesliecampis.com/,Atlanta,Female,In Person Only,Various,"Anxiety, Depression, Family Changes, Grief & Loss, Identity Development, Family Therapy & Parenting Support, Self-Esteem, Trauma or PTSD",All ages,
"Carrick, Christina, LCSW",404-242-3395,235 E. Ponce Dr Leon Ave Suite 120 Decatur 30030,http://www.carrickcounseling.com/,Decatur,Female,In Person and Virtual Options,Private Pay; Sliding Scale via Open Path Collective ($40-80/session),"Trauma or PTSD, Family Therapy & Parenting Support, Social Skill Development, Behavioral Challenges, Grief & Loss, Play Therapy",All ages,"EMDR, Play Therapy"
"Celcer, Irene LCSW",(404) 869-8902,"2996 Grandview Avenue NE, Suite 207
Atlanta, GA 30305",https://care.headway.co/providers/irene-celcer?utm_source=google&utm_medium=cpc&utm_campaign=23782671489&utm_adgroup=200814172070&utm_content=get-care&utm_term=&page_variant=&utm_loc_physical=9010957&utm_loc_interest=&gad_source=1&gad_campaignid=23782671489&gbraid=0AAAAAoLs-VUcP05e0Dy92hxX7TmEZLsWh&gclid=Cj0KCQjw16_UBhCqARIsAIdOaXwFVglzCfvP8MU4s5Yekkt-lgzKNOpHgC7BLixPc8Zob97hASrbsWgaAjWaEALw_wcB,Atlanta,Female,Virtual Only,,"Bi-Lingual, Identity Development, Anxiety, Eating Disorders/Body Image, Family Changes",Teens and Adults,Psychodynamic/Psychoanalytic
"Chase, Thandi LCSW",404-532-9632,"108 East Ponce De Leon Ave
Suite 208
Decatur, GA 30030",https://chasetherapy.com/,Decatur,Female,In Person and Virtual Options,,"Identity Development, Self-Esteem, Trauma or PTSD, Grief & Loss, Family Changes, Academic Support, Stress Management",Teens and Adults,"DBT, EMDR"
"Chen Foley, Yuehong (Maria), Ph.D.",678-924-3201,"2775 Cruse Road	Suite 1601
Lawrenceville, GA 30044",http://www.responsiblechild.com/home.html,Lawrenceville,Female,In Person Only,"Medicaid, Amerigroup, Peachstate, AmBetter, BlueCross/BlueShield, Various","Play Therapy, Bi-Lingual, Family Therapy & Parenting Support",All ages,"Family Systems Therapy, Play Therapy, Other/Eclectic"
Claudia Calderon Psychology,404-913-2434,"1123 Clairmont Rd
Decatur, GA",https://www.calderonpsychology.com/,"Decatur
Atlanta",Female,In Person and Virtual Options,In-Network: Anthem BlueCross BlueShield; Superbill Provided for Out-of-Network Reimbursement,"Addiction/Substance Use, Anxiety, Bi-Lingual, Family Changes, Identity Development, Self-Harm, Trauma or PTSD",All ages,
Compass Counseling & Consulting,678-871-0256,"2854 Johnson Ferry Road, Suite 200
Marietta, GA 30062",https://www.keeleybaileyccc.com/,Marietta,Female,In Person Only,"In-Network: Anthem, BlueCross BlueShield, Humana, United Healthcare","Anxiety, Play Therapy, Trauma or PTSD",All ages,"CBT, DBT, EMDR, Play Therapy, Other/Eclectic"
Compassion Cove Counseling,770.810.5789,"3754 Lavista Road, Suite 200
Tucker GA 30084",https://www.compassioncovecounseling.com/,Tucker,"Female, Male",In Person and Virtual Options,Out-of-Network Only; Sliding Scale Offered,"Addiction/Substance Use, Anxiety, Depression, Eating Disorders/Body Image, Family Changes, Grief & Loss, Play Therapy, Trauma or PTSD",12 and older,"Acceptance & Committment Therapy (ACT), Attachment-Based Therapy, CBT, DBT, EMDR, Family Systems Therapy, Psychodynamic/Psychoanalytic, Trauma Focused Therapy, Other/Eclectic"
Cora Lee Institute,770-634-2349,"3080 Highlands Parkway SE, Suite A
Smyrna, GA 30082",https://coraleeinstitute.org/,Smyrna,Female,In Person Only,Out-of-Network; Patients Encouraged to Confirm OON Behavioral Health Benefits,"Academic Support, ADHD, Anxiety, Depression, Developmental (ASD), Family Changes, Grief & Loss, Play Therapy, Psychoeducational Testing, Social Skill Development, Trauma or PTSD",All ages,"CBT, Play Therapy, Solution-Focused Brief Therapy, Other/Eclectic"
"Cott, Sara",(404) 850-1270,"125 East Trinity Place
Decatur, GA 30030",www.saracott.com,Decatur,Female,Virtual Only,"Aetna, Various","Anxiety, Depression, Identity Development, OCD, Family Therapy & Parenting Support, Social Skill Development",Teens and Adults,
CPSYD Psychological Services,(516) 806-0030,"615 Colonial Park Drive, Suite 202, Roswell, GA 30075",https://cpsyd.com/,Roswell,Female,In Person and Virtual Options,"Aetna
Anthem Blue Cross Blue Shield
Ascension","ADHD, Anxiety, Developmental (ASD), Academic Support, Depression, Learning Differences, OCD, Psychoeducational Testing, Bi-Lingual",All Ages,
"Crawford, Mark, Ph.D.",770.993.0051,"11111 Houze St., Suite 320
Roswell, GA 30076",https://www.lylesandcrawford.com/,Roswell,Male,In Person Only,,"Addiction/Substance Use, ADHD, Anxiety, Depression, OCD, Family Therapy & Parenting Support, Psychoeducational Testing",Teens and Adults,
"Danielak, Mary, PsyD",770-442-9447,"314 Maxwell Road, Suite 400, Alpharetta, GA 30009",http://www.yourshrink.com/,Alpharetta,Female,In Person and Virtual Options,,"Psychoeducational Testing, Family Therapy & Parenting Support, Academic Support, ADHD, Anxiety, Behavioral Challenges, Social Skill Development, Stress Management",All ages,"CBT, Psychodynamic/Psychoanalytic"
Deepen Wellness,(404) 964-6629,"6 Lenox Pointe NE
Atlanta, GA 30324",https://deepenwellness.com/,"Buckhead
Decatur
Marietta",Female,In Person and Virtual Options,Out-of-Network Only,"Addiction/Substance Use, ADHD, Adoption, Ander Management, Anxiety, Behavioral Challenges, Depression, Eating Disorders/Body Image, Family Changes, Family Therapy & Parenting Support, Grief & Loss, Identity Development, OCD, Self-Esteem, Self-Harm, Stress Management, Trauma or PTSD",All ages,"Attachment-Based Therapy, DBT, Internal Family Systems (IFS), Somatic Therapy, Other/Eclectic"
"Desnoyers, Dee, PhD",404-348-3250,"57 Executive Park Dr NE #360
Atlanta, GA 30329",http://www.atlantacounseling.org/,Atlanta,Female,Virtual Only,Various,"Anxiety, Depression, Family Changes, Grief & Loss, Family Therapy & Parenting Support, Self-Esteem",All ages,"Play Therapy, Psychodynamic/Psychoanalytic"
Divine Intervention Counseling & Consulting Group,"(404) 419-2708","260 Peachtree Street NE
Atlanta, GA 30303",http://atlcounseling.org/index.php,Atlanta,Female,In Person Only,Most Insurances Accepted,"ADHD, Anxiety, Behavioral Challenges, Depression, Family Changes, Family Therapy & Parenting Support, Ander Management",All ages,Christian/Faith-Based Counseling
"Duke, Sara, M.M.Sc.",404-372-9808,1155 Fairway Gardens NE Atlanta 30319,saraduke.com,Atlanta,Female,In Person Only,"Not Applicable (Educational Consultant, not a clinical/insurance-based service)","Psychoeducational Testing, Academic Support",All ages,
East West Psychotherapy, 770-419-5657,"2655 Dallas Highway Suite 230
Marietta, Georgia 30064",https://www.eastwestpsych.com/,Marietta,"Female, Male",In Person Only,Varies by Clinician; Both Insurance-Paneled and Self-Pay Providers Available,"Anxiety, Depression, ADHD, Family Changes, Family Therapy & Parenting Support, Behavioral Challenges, Self-Esteem, Trauma or PTSD, Play Therapy, Eating Disorders/Body Image, Grief & Loss, Addiction/Substance Use, Crisis Intervention",All ages,Christian/Faith-Based Counseling
Ellis Evaluation and Consulting,678-538-6450,"2255 Cumberland Parkway, Building 500, Suite 140
Atlanta, GA 30339",https://www.ellisevaluationservices.com/,Atlanta,Female,In Person and Virtual Options,,"Academic Support, ADHD, Behavioral Challenges, Crisis Intervention, Family Changes, Psychoeducational Testing, Social Skill Development",All Ages,"Emotionally Focused THerapy (EFT), Other/Eclectic"
Emory Psychological Center,404-727-7451,"PAIS Building, Suite 504, 36 Eagle Row
Atlanta, GA 30322",https://psychology.emory.edu/psychological-center/,Atlanta,"Female, Male",In Person and Virtual Options,Sliding Scale self-pay,"Academic Support, Anxiety, Depression, Family Changes, Grief & Loss, Learning Differences, Family Therapy & Parenting Support, Psychoeducational Testing",6 and older,"Acceptance & Committment Therapy (ACT), CBT, DBT, Mindfulness-Based Therapy"
"Ford-Hutchinson, Tristan, LPC",(201) 481-4681,"5180 Roswell Road 
South Building Suite 106
Atlanta, GA 30342",https://tristanfordhutchinson.com/,Atlanta,Female,In Person and Virtual Options,United Healthcare,"Anxiety, Art Therapy, Family Changes, Grief & Loss, Self-Esteem, Social Skill Development, Trauma or PTSD",All ages,Art/Expressive Therapy
Gaia Counseling & Wellness,404-783-2079,"3232 Memorial Drive
Decatur, GA 30032

933 Garrett St Suite 103
Atlanta, GA 30316",https://www.gaiacounseling.com/,"Decatur
Atlanta","Female, Male",In Person and Virtual Options,Various,"Art Therapy, Family Therapy & Parenting Support, Play Therapy, Identity Development",All ages,Play Therapy
"Gandolfo, Joseph, LPC",,"317 Creekstone Ridge
Woodstock, GA 30188",https://care.headway.co/providers/joseph-gandolfo,Woodstock,Male,In Person and Virtual Options,"Aetna, Cigna, United Healthcare","Academic Support, ADHD, Ander Management, Anxiety, Behavioral Challenges, Depression, Family Changes, Identity Development, Addiction/Substance Use, Self-Esteem, Stress Management",All ages,"CBT, Emotionally Focused THerapy (EFT), Internal Family Systems (IFS), Family Systems Therapy, Psychodynamic/Psychoanalytic, Person Centered/Humanistic Therapy, Other/Eclectic"
"Garber, Stephen, Ph.D.",404-256-2325,"5665 New Northside Dr., Suite 500, Atlanta, GA 30328",http://www.bia1.com/Stephen-W--Garber.html,Sandy Springs,Male,In Person Only,,"Psychoeducational Testing, Learning Differences, ADHD",All ages,
"Gard, Betsy, PhD.",470-464-8494,"1830 Independence Square
Suite A
Dunwoody, Georgia, 30338",https://drbetsygard.com/,Dunwoody,Female,In Person Only,Out-of-Network Only; Statement with Codes/DX Provided for Client Insurance Reimbursement; Sliding Scale Available,"Academic Support, Addiction/Substance Use, ADHD, Anxiety, Behavioral Challenges, Depression, Developmental (ASD), Grief & Loss, Learning Differences, OCD, Self-Esteem, Social Skill Development, Stress Management, Trauma or PTSD",Teens and Adults,
Georgia Crisis & Access Line,800-715-4225,"Call 24/7 to be connected with a crisis counselor
In home/on location crisis evaluations",https://dbhdd.georgia.gov/mobile-crisis-services,Georgia,"Female, Male",Virtual Only,Not Applicable (Free Crisis Line),"Crisis Intervention, Bi-Lingual",All ages,
Georgia State University: Psychology Clinic, 404-413-6229,"140 Decatur Street
Atlanta, GA  30303",https://psychologyclinic.gsu.edu/,Atlanta,"Female, Male",In Person Only,Sliding Scale; Low-Cost Training Clinic (not insurance-based),"ADHD, Behavioral Challenges, Developmental (ASD), Family Therapy & Parenting Support, Psychoeducational Testing",All ages,
"Glusman, Laurie",404-260-1541,"6000 Lake Forrest Drive NW, Suite 575
Atlanta, GA 30328",https://www.laurieglusmanphd.com/,Atlanta,Female,In Person and Virtual Options,Out of Network,"ADHD, Learning Differences, Psychoeducational Testing",All Ages,
Grow Counseling,Multiple,Multiple,https://growcounseling.com/,"Buckhead
Peachtree City
Suwanee
Alpharetta
Marietta","Female, Male",In Person and Virtual Options,Various,"Addiction/Substance Use, ADHD, Adoption, Ander Management, Anxiety, Behavioral Challenges, Depression, Eating Disorders/Body Image, Family Changes, Grief & Loss, Identity Development, OCD, Family Therapy & Parenting Support, Play Therapy, Self-Esteem, Self-Harm, Trauma or PTSD",All ages,
Grow Heal Change,(404) 846-0699,"3116 Maple Drive 
Atlanta, GA 30305",http://www.growhealchange.com/,Buckhead,,,Various,"ADHD, Anxiety, Depression, Eating Disorders/Body Image, Family Changes, Grief & Loss, Family Therapy & Parenting Support, Play Therapy, Self-Esteem, Social Skill Development, Stress Management, Trauma or PTSD",All ages,Other/Eclectic
Gwinett Psychiatry,(678) 226-2295,"170 Camden Hill Road
Suite: F Lawrenceville, GA 30046",https://gwinnettpsychiatry.com/,Lawrenceville,Female,In Person and Virtual Options,,"Psychiatrist, ADHD, Anxiety, Depression, Behavioral Challenges, OCD, Trauma or PTSD, Eating Disorders/Body Image",All ages,
"Hatcher, Nancy, Ph.D. & Associates",404.812.3433,"2964 Peachtree Rd. Suite 635
Atlanta, GA 30305",http://www.nmhatcher.com/,Buckhead,Female,In Person Only,Various,Psychoeducational Testing,All ages,
Healthy Minds Psychological Associates,770-375-8124,"479 Brockett Road Suite 100
Tucker, GA 30084",https://www.hmpsychology.com/,Tucker,"Female, Male",In Person and Virtual Options,,"ADHD, Developmental (ASD), Learning Differences, Anxiety, Depression, Behavioral Challenges, Ander Management, Trauma or PTSD, Grief & Loss, Social Skill Development, Family Changes, Family Therapy & Parenting Support, Psychoeducational Testing, Academic Support",All Ages,
"Heneghan, Jessi, LCSW",770-696-6365,"The Highland Building
675 Seminole Avenue, NE 
Atlanta, GA 30307",https://www.deeplyrootedatlanta.com/,Poncey-Highlands,Female,In Person and Virtual Options,Does Not Accept Insurance; Superbill Provided,"Family Therapy & Parenting Support, Family Changes",18 and older,"EMDR, Mindfulness-Based Therapy, Trauma Focused Therapy"
"Hilleary, Diane, LCSW",,,https://www.dianehilleary.com/,,Female,In Person and Virtual Options,,"Family Therapy & Parenting Support, Family Changes",18 and older,
Hillside Atlanta,(404) 875-4551,"690 Courtenay Drive NE
Atlanta, GA 30306",https://hside.org/,Virginia Highlands,"Female, Male",In Person and Virtual Options,Various,"Depression, Crisis Intervention, Behavioral Challenges, ""IOP, PHP"", Residential, Self-Harm, Trauma or PTSD",All Ages,DBT
"Hopkins, Nicole, LPC",404-247-1015,"1003 Bombay Lane
Roswell, GA 30076",https://nicolehopkinslpc.com/,Roswell,Female,In Person Only,,"Anxiety, Depression, ADHD, Academic Support, Ander Management, Stress Management, Social Skill Development, Self-Esteem, Family Changes, Learning Differences, Grief & Loss, Family Therapy & Parenting Support",6 and older,
"Huber, Lisa, M.D.",404-351-2008,"3520 Piedmont Rd NE
Atlanta, GA",pchprofessionals.com,Buckhead,"Female, Male",In Person and Virtual Options,Varies (Part of Peachtree Comprehensive Health),Psychoeducational Testing,All ages,"CBT, DBT, Other/Eclectic"
"Hunt, Mary Helen, Ph.D.",404-256-9325,"1 Concourse Pkwy, Suite 800
Atlanta, GA 30328",maryhelenhunt.com,Sandy Springs,Female,In Person and Virtual Options,,Psychoeducational Testing,All ages,CBT
Intown Family Therapy,678-379-7019,"464 Cherokee Avenue SE, Suite 202
Atlanta, GA 30312",https://www.intownfamilytherapy.com/,Grant Park,Female,In Person and Virtual Options,"Aetna, United Healthcare","ADHD, Ander Management, Anxiety, Depression, Family Changes, Learning Differences, Family Therapy & Parenting Support, Play Therapy, Self-Esteem, Social Skill Development",All ages,"Art/Expressive Therapy, CBT, Play Therapy, Somatic Therapy, Trauma Focused Therapy, Other/Eclectic"
"Jenkins, Johnnie, LPC, RPT",(770) 462-2235,"1871 Washington Road Suite 4
East Point, GA 30344",www.thejenkinscenter.com,East Point,Male,In Person Only,"Aetna, AmBetter, BlueCross/BlueShield, Cigna, Humana, United Healthcare, Various","Family Changes, Addiction/Substance Use, ADHD, Ander Management, Anxiety, Behavioral Challenges, Depression, Social Skill Development, Self-Esteem, Play Therapy",All ages,"CBT, Play Therapy"
Jewish Family & Career Services,770-677-9300,"4549 Chamblee Dunwoody Road
Atlanta, GA 30338",https://jfcsatl.org/,Chamblee,"Male, Female",In Person and Virtual Options,Varies by Provider; Many Clinicians In-Network (Nonprofit),"Academic Support, ADHD, Family Therapy & Parenting Support, Psychoeducational Testing",All ages,
Johns Creek & Alpharetta Counseling,404-834-2363,"5755 North Point Parkway #280
Alpharetta, GA 30022 ",https://www.alpharettajohnscreekcounseling.com/,"Alpharetta, John's Creek","Female, Male",In Person and Virtual Options,Self-Pay Only; Superbills Provided for Out-of-Network Reimbursement,"Play Therapy, ADHD, Anxiety, Behavioral Challenges, Depression, Eating Disorders/Body Image, Family Changes, Family Therapy & Parenting Support, Grief & Loss, Self-Esteem, Self-Harm, Social Skill Development, Trauma or PTSD, Stress Management, Identity Development",All ages,
Johns Creek Psychology,678-935-9567,"10475 Medlock Bridge Road
Building 300, Suite 315
Duluth, Georgia 30097",https://www.johnscreekpsychology.com/,Duluth,"Female, Male",In Person Only,In-Network: BlueCross BlueShield (varies by individual clinician - independent practitioners sharing office space),"Anxiety, Behavioral Challenges, Depression, Developmental (ASD), Family Changes, Identity Development, Family Therapy & Parenting Support, Trauma or PTSD",All ages,
"Jolles, Jonathan, LCSW",(770) 317-3540,,https://www.jonathanjolleslcsw.com/,,Male,Virtual Only,,"Addiction/Substance Use, Family Therapy & Parenting Support, Social Skill Development, Psychoeducational Testing",Teens and Adults,
"Jones, Ilia, LPC",770-831-5759,"897 Eva Kennedy Road 
Suwanee, GA 30024",https://iliajoneslpc.com/,Suwanee,Female,In Person Only,"In-Network: Aetna, BlueCross BlueShield, United Healthcare (also files out-of-network claims)","Anxiety, Depression, Family Therapy & Parenting Support, Self-Esteem, Stress Management",Teens and Adults,Other/Eclectic
Kaleidoscope Therapy & Holistic Wellness,470-236-9707,"1561 McLendon Ave NE
Atlanta, GA 30307",https://www.kaleidoscopefamilytherapy.com/about/,Atlanta,"Female, Male",In Person and Virtual Options,Out-of-Network for All Insurance Companies,"Anxiety, Family Changes, Grief & Loss, Identity Development",All ages,"Art/Expressive Therapy, Christian/Faith-Based Counseling, Holistic/Integrative Therapy, Internal Family Systems (IFS), Play Therapy, Somatic Therapy"
"Kerley, Craig, PsyD",(678) 264-3056,"570 Colonial Park Drive Suite 312
Roswell, GA 30075",https://www.psychologytoday.com/us/therapists/craig-kerley-roswell-ga/733875,"Roswell, Marietta",Male,In Person and Virtual Options,Out-of-Network Only; Superbill Provided; Accepts HSA/FSA and many EAPs,"Academic Support, Addiction/Substance Use, ADHD, Ander Management, Anxiety, Behavioral Challenges, Depression, Developmental (ASD), Family Changes, Family Therapy & Parenting Support, Grief & Loss, Identity Development, Learning Differences, OCD, Self-Esteem, Self-Harm, Social Skill Development, Stress Management, Trauma or PTSD",All ages,"Attachment-Based Therapy, CBT, DBT, Family Systems Therapy, Other/Eclectic"
KMP Atlanta,"(404) 308-1449","5871 Glenridge Dr.
Suite 220
Atlanta, Ga 30328",https://kmpatlanta.com/,Sandy Springs,"Female, Male",In Person Only,Does Not Accept Insurance; Statement Provided for Reimbursement,"Psychoeducational Testing, ADHD, Anxiety, Ander Management, Depression, Family Changes, Family Therapy & Parenting Support, Academic Support, Social Skill Development",All ages,
Kramer & Montiel Psychology,404-308-1449,"101 Bombay Lane
Roswell, GA 30076",https://kmpatlanta.com/,Roswell,"Female, Male",In Person Only,,"Learning Differences, Psychoeducational Testing, ADHD, Developmental (ASD), Academic Support",All Ages,CBT
"Lancelot, Cynthia",404-625-6404,"1774 Century Blvd, Suite B
Atlanta, GA 30345",http://cynthialancelot.com/,Atlanta,Female,In Person Only,,"ADHD, Learning Differences, Psychoeducational Testing",All Ages,
Learning Assessment Center,404-769-6022,"34 Lenox Pointe, NE
Atlanta, GA 30324",https://learningassessmentcenter.com/,Atlanta,Female,In Person Only,,"ADHD, Behavioral Challenges, Academic Support, Learning Differences, Psychoeducational Testing",All Ages,
Learning on the Log,(678) 561-7589  ,"230 Hammond Dr
Sandy Springs, GA 30328",https://www.learningonthelog.com/,Sandy Springs,Male,In Person Only,"Not Applicable (Recreational/Camp-Model Program, not insurance-based)","ADHD, Anxiety, Family Therapy & Parenting Support, Social Skill Development, Stress Management, Summer Camps & Programs",All ages,
"Leikam, Katie, LCSW", (404) 948-6186,"118 E Maple St, 
Decatur, GA 30030",https://katieleikam.com/,Decatur,Female,Virtual Only,,"Identity Development, Anxiety, ADHD, Developmental (ASD)",Teens and Adults,"Person Centered/Humanistic Therapy, Other/Eclectic"
"Lenahan, Chuck, LPC",(404) 905-1476,,generationsofgrowth.com,,Male,Virtual Only,"In-Network: Aetna, Ambetter, Oxford, Surest, Optum, Cigna, Medicaid, Centene, GEHA, Alliant, and many EAPs (via Generations of Growth)","Anxiety, Identity Development, Depression, Behavioral Challenges, Developmental (ASD), Family Changes, Grief & Loss, Social Skill Development, Self-Esteem",6 and older,"CBT, DBT, Family Systems Therapy, Person Centered/Humanistic Therapy"
"Lochridge, John, M.D.",770-436-8383,"3050 Atlanta Road, SE
Smyrna, GA  30080",https://www.docloch.com/,Smyrna,Male,In Person Only,,"Academic Support, Addiction/Substance Use, ADHD, Anxiety, Developmental (ASD), Eating Disorders/Body Image, OCD, Family Therapy & Parenting Support, Psychiatrist, Self-Esteem, Trauma or PTSD",All ages,
Lyles and Crawford,770-993-0051,"11111 Houze Road, Suite 320
Roswell, GA 30076",https://www.lylesandcrawford.com/biography-mark,Roswell,Male,In Person Only,Out of Network,"Behavioral Challenges, Psychiatrist, Family Changes, OCD, Family Therapy & Parenting Support, Psychoeducational Testing",All Ages,
Midtown Psychotherapy Associates,404-685-1600,"199 Armour Drive NE, Suite E
Atlanta, GA 30324",https://midtownpsychotherapy.org/,Midtown Atlanta,"Female, Male",In Person and Virtual Options,Out-of-Network Only; Superbill Provided; Sliding Scale Offered,"Academic Support, Addiction/Substance Use, ADHD, Ander Management, Anxiety, Behavioral Challenges, Depression, Developmental (ASD), Eating Disorders/Body Image, Family Changes, Family Therapy & Parenting Support, Grief & Loss, Learning Differences, Psychoeducational Testing, OCD, Self-Esteem, Self-Harm, Social Skill Development, Stress Management, Trauma or PTSD",All ages,"CBT, DBT, EMDR, Family Systems Therapy, Play Therapy, Art/Expressive Therapy, Emotionally Focused THerapy (EFT), Other/Eclectic"
Mindbrain Institute of Atlanta,404-692-7027,"2200 Century Parkway
Suite 200
Atlanta, GA 30345",https://mindbraininstitute.net/about/,Atlanta,Female,In Person and Virtual Options,,"Academic Support, Anxiety, Depression, Family Therapy & Parenting Support, Stress Management, Trauma or PTSD",Teens and Adults,"CBT, Family Systems Therapy, Mindfulness-Based Therapy, Solution-Focused Brief Therapy, Emotionally Focused THerapy (EFT), Other/Eclectic"
Mindset Psychology,404-793-0002,"3015 Piedmont Road
Atlanta, Georgia 30305",https://mindsetpsych.com/,Atlanta,"Female, Male",In Person Only,Various,"Academic Support, ADHD, Anxiety, Depression, Developmental (ASD), Eating Disorders/Body Image, Identity Development, Learning Differences, OCD, Family Therapy & Parenting Support, Psychiatrist, Psychoeducational Testing",All ages,"CBT, DBT, Mindfulness-Based Therapy, Motivational Interviewing, Person Centered/Humanistic Therapy, Family Systems Therapy, Other/Eclectic"
"Mitchell, Chante, Ph.D.",(404) 490-6821,"610 Kentucky Street
Scottdale, GA 30079",https://drchantemitchell.com/,Scottdale,Female,In Person and Virtual Options,"Aetna
Anthem
Blue Cross Blue Shield
Cigna
Optum
United Healthcare","ADHD, Anxiety, Depression, Grief & Loss, Psychoeducational Testing, Self-Esteem, Stress Management",5 and older,"CBT, Other/Eclectic"
Modern Path,(678) 802-9355,"3720 Chamblee Dunwoody Rd d2
Chamblee, GA 30341",https://www.modernpath.net/,Chamblee,"Female, Male, Non-Bianary",In Person and Virtual Options,Various,Identity Development,13 and older,"CBT, Acceptance & Committment Therapy (ACT), DBT, EMDR, Internal Family Systems (IFS), Emotionally Focused THerapy (EFT), Psychodynamic/Psychoanalytic, Art/Expressive Therapy, Other/Eclectic"
Monte Nido Clementine,855-257-5208,"124 Johnson Ferry Rd NE
Sandy Springs, GA 30328",https://www.montenido.com/locations/state/georgia?utm_source=google&utm_medium=cpc&utm_campaign=ga_mn_gen_pmax&gad_source=1&gclid=CjwKCAiA6t-6BhA3EiwAltRFGNx2SFv5mDBO4R2GhxXHXKYc9XXsqv7K0NWerc9_05FYnNIsNqQAdRoCLPMQAvD_BwE,Sandy Springs,"Female, Male",In Person and Virtual Options,Most Major Insurance Plans Accepted (verify per specific plan),"Eating Disorders/Body Image, ""IOP, PHP""",All ages,"CBT, DBT, Family Systems Therapy, Mindfulness-Based Therapy"
National Crisis Talk and Text Line,988,Call or text 24/7 to be connected with a crisis counselor,https://988lifeline.org/?utm_campaign=Vibrant-988GamingQ225&utm_source=Google&utm_medium=Search&gad_source=1&gad_campaignid=22522709209&gbraid=0AAAAA93Lt9nAZCEnJFo46V9TqLkhhhu7_&gclid=Cj0KCQjwrPHABhCIARIsAFW2XBP21i6pjIx0KBSD3m_VVxDKtfCxQroC4ccjMSUM41ZMzLjIdJijdbgaAh_jEALw_wcB,Nationwide,,Virtual Only,Not Applicable (Free Crisis Line),"Crisis Intervention, Bi-Lingual",All Ages,
National Suicide Prevention Hotline,800-273-8255(TALK),Call 24/7 to be connected with a crisis counselor,https://nationaltoolkit.csw.fsu.edu/resource/national-suicide-prevention-lifeline-1-800-273-talk-8255/,Nationwide,,Virtual Only,Not Applicable (Free Crisis Line),Crisis Intervention,All Ages,
New Beginnings Counseling Center,770-831-1799,"1585 OLD NORCROSS RD. SUITE 203
Lawrenceville, Ga 30046",https://counselinganew.com/,Lawrenceville,Female,In Person and Virtual Options,"In-Network: Aetna, Ambetter, Anthem BlueCross BlueShield, Cigna; Sliding Scale Available","Addiction/Substance Use, ADHD, Adoption, Anxiety, Behavioral Challenges, Family Changes, Family Therapy & Parenting Support, Grief & Loss, Ander Management, Depression, Crisis Intervention, Play Therapy",Teens and Adults,"Christian/Faith-Based Counseling, Play Therapy"
New Level Counseling,404-702-8474,"1229 Johnson Ferry Rd
Suite 204C
Marietta, GA 30068",https://www.newlevelcounseling.com/,Marietta,Female,In Person Only,Aetna,"ADHD, Adoption, Anxiety, Art Therapy, Depression, Eating Disorders/Body Image, Family Changes, Grief & Loss, Family Therapy & Parenting Support, Play Therapy, Self-Esteem, Social Skill Development, Stress Management, Trauma or PTSD",All Ages,"CBT, EMDR, Art/Expressive Therapy, Other/Eclectic"
"Newby, Wendy, Ph.D.",404-664-1011,"1525 Richard Stokes Dr, 
Decatur, GA 30033",www.levincenter.org,Decatur,Female,Virtual Only,"Not Applicable (Educational/Transition Consulting, not therapy)","Psychoeducational Testing, Learning Differences, ADHD",Teens and Adults,
"Noble, Betty Scott, Ph.D.",404-255-4206,"300 W Wieuca Rd NE, Building 2, Suite 314, 
Atlanta, GA 30342",,Atlanta/ Buckhead,Female,In Person Only,,"Psychoeducational Testing, Learning Differences, ADHD",All Ages,
North Fulton Psychiatric Care,770-442-1150,"1380 Upper Hembree Road
Roswell, GA 30076",http://www.drrickwiner.com/,Roswell,Male,In Person Only,Various,"ADHD, Anxiety, Depression, OCD, Psychiatrist",All Ages,
Northpoint Psychology,(678) 624-0310 ext. 0,"3534 Old Milton Parkway
Alpharetta, GA 30005",https://www.northpointpsychology.com/location.html,Alpharetta,Male,In Person Only,,"ADHD, Adoption, Ander Management, Anxiety, Developmental (ASD), Behavioral Challenges, Depression, Family Changes, Learning Differences, OCD, Family Therapy & Parenting Support, Psychoeducational Testing, Trauma or PTSD",All Ages,"CBT, DBT, Family Systems Therapy, Other/Eclectic"
"O'Toole, Kathleen, Ph.D.",(404) 721-2644,"2200 Century Parkway, Suite 435. 30345",pedneurocenter.com/kathleen-otoole/,,Female,In Person Only,Not Applicable (Neuropsychological Assessment Practice),Psychoeducational Testing,All Ages,
One Life Child Development Center,(404) 293-6947,"945 Memorial Drive SE, Suite 422
Atlanta, GA 30316",https://www.onelifecdc.com/,Atlanta,Female,In Person Only,"Aetna
Anthem Blue Cross Blue Shield","ADHD, Developmental (ASD), Learning Differences, Psychoeducational Testing, Social Skill Development",All Ages,CBT
Orion Psychotherapy,(404)500-6102,"1450 Ralph David Abernathy Blvd SW
S-308
Atlanta, GA 30310",https://orionpsychotherapy.org/,Atlanta,Non-Bianary,In Person and Virtual Options,Various,"Anxiety, Grief & Loss, Identity Development, Family Therapy & Parenting Support, Stress Management, Trauma or PTSD",Teens and Adults,"CBT, Art/Expressive Therapy, Person Centered/Humanistic Therapy, DBT, Other/Eclectic"
Parkaire Consultants, 770-578-1519,"4939 Lower Roswell Road
Suite C201
Marietta, GA 30068",https://parkaireconsultants.com/,Marietta,"Female, Male",In Person and Virtual Options,Out-of-Network; Reimbursement Paperwork Provided; Billing Varies by Individual Clinician,"Academic Support, Psychoeducational Testing, ADHD, Developmental (ASD), Learning Differences, Social Skill Development, Family Therapy & Parenting Support, OCD, Depression, Behavioral Challenges, Addiction/Substance Use, Eating Disorders/Body Image, Art Therapy, Play Therapy",All Ages,"Art/Expressive Therapy, CBT, Emotionally Focused THerapy (EFT), Family Systems Therapy, Play Therapy, Other/Eclectic"
Path Group of Atlanta,404.235.5982,"550 Pharr Rd NE, Suite 605
Atlanta, GA 30305",https://www.pathgroupatl.com/,Atlanta,"Female, Male",In Person and Virtual Options,Does Not Accept Insurance Directly; Monthly Superbills Provided (GA Residents Only),"Academic Support, Adoption, Anxiety, Depression, Developmental (ASD), Family Changes, Grief & Loss, Identity Development, OCD, Family Therapy & Parenting Support, Psychiatrist, Self-Esteem, Social Skill Development, Stress Management, Trauma or PTSD",All Ages,"Acceptance & Committment Therapy (ACT), CBT, DBT, Mindfulness-Based Therapy, Solution-Focused Brief Therapy, Psychodynamic/Psychoanalytic, Other/Eclectic"
Peachford Hospital,"770-455-3200","2151 Peachford Road,
Dunwoody, GA 30338",https://peachford.com/programs-and-services/children/,Dunwoody,"Female, Male",In Person Only,Accepts a wide variety of plans including TRICARE; verify directly as list changes,"""IOP, PHP"", Residential, Crisis Intervention, Depression, Anxiety, ADHD, Self-Harm, Addiction/Substance Use, Trauma or PTSD, Behavioral Challenges",All Ages,
Peachtree Comprehensive Health,404-351-2008,"3520 Piedmont Rd. NE
Suite 330 / Suite 350 / Suite 300
Atlanta, GA 30305",https://www.pchprofessionals.com/,Atlanta,"Female, Male",In Person and Virtual Options,Various,"Addiction/Substance Use, ADHD, Ander Management, Anxiety, Behavioral Challenges, Grief & Loss, OCD, Psychiatrist, Self-Harm, Trauma or PTSD, Play Therapy",All Ages,"CBT, DBT"
Peachtree Creative Counseling,678.222.2987,"1708 Peachtree Rd NW Ste 204
Atlanta, GA 30309",https://www.peachtreecreativecounseling.com/,Atlanta,Female,In Person Only,Various,"ADHD, Ander Management, Anxiety, Art Therapy, Depression, Family Changes, Grief & Loss, Family Therapy & Parenting Support, Play Therapy, Social Skill Development, Stress Management, Trauma or PTSD",All Ages,"CBT, Emotionally Focused THerapy (EFT), Art/Expressive Therapy, Family Systems Therapy, Internal Family Systems (IFS), Person Centered/Humanistic Therapy, Play Therapy"
Peachtree DBT Collective,(404) 890-0845,"3520 Piedmont Road, Suite 350 Atlanta, GA 30305",https://www.peachtreedbt.com/,,Female,In Person and Virtual Options,Varies (Part of Peachtree Comprehensive Health & Atlanta Counseling Collective),"ADHD, Ander Management, Anxiety, Behavioral Challenges, Depression, Eating Disorders/Body Image, Family Therapy & Parenting Support, Self-Esteem, Self-Harm, Social Skill Development, Stress Management, Trauma or PTSD",All Ages,"CBT, DBT, Mindfulness-Based Therapy"
Peachtree Psychology,678-381-1687,"800 Kennesaw Ave. NW
Suite 310
Marietta, GA 30060

555 Sun Valley Drive
Suite M-2
Roswell, GA 30076",https://peachtreepsychology.com/,"Roswell, Marietta","Female, Male",In Person and Virtual Options,"Varies by Clinician: Some Accept BCBS, Medicare, Cigna, UHC, CareSource, TRICARE, Optum; Most Self-Pay with Superbills; Sliding Scale Available","Academic Support, Addiction/Substance Use, ADHD, Ander Management, Anxiety, Behavioral Challenges, Depression, Eating Disorders/Body Image, Family Changes, Family Therapy & Parenting Support, Grief & Loss, Identity Development, Learning Differences, OCD, Self-Esteem, Self-Harm, Social Skill Development, Stress Management, Trauma or PTSD",All Ages,"Acceptance & Committment Therapy (ACT), CBT, DBT, EMDR, Internal Family Systems (IFS)"
Pediatric NeuroBehavioral Center of Peachtree City,(770)-629-6517,"16 Eastbrook Bend
Suite 102B
Peachtree City, GA  30269",https://diquattromegan.wixsite.com/therapy-center,Peachtree City,Female,In Person Only,Various,"Academic Support, ADHD, Behavioral Challenges, Developmental (ASD), Learning Differences, Family Therapy & Parenting Support, Psychoeducational Testing, Social Skill Development",All Ages,CBT
Perimeter DBT,404-836-0999,"1820 Independence Square, Suite A
Atlanta, Ga 30338",https://www.perimeterdbt.com/,Atlanta,"Female, Male",In Person and Virtual Options,Does Not Accept Insurance; Superbill Provided for Out-of-Network Reimbursement,"Anxiety, Depression, OCD, Self-Esteem, Family Therapy & Parenting Support, Self-Harm, Trauma or PTSD, Stress Management",Teens and Adults,"CBT, DBT, Emotionally Focused THerapy (EFT), EMDR"
"Phillips, Gail, LCSW",(404) 982-9010,"2734 N. Hills Drive, NE
Atlanta, GA 30305",http://www.gailphillips.net/,Atlanta,Female,In Person and Virtual Options,,"Addiction/Substance Use, Anxiety, Depression, Eating Disorders/Body Image, Family Therapy & Parenting Support",Teens and Adults,Psychodynamic/Psychoanalytic
"Plisco, Mary, PhD.",(404) 835-6135,"1900 The Exchange, Building 100
Atlanta, GA 30339",https://www.drmaryplisco.com/,Atlanta,Female,In Person Only,,"Anxiety, Depression, Ander Management, Stress Management, OCD, Trauma or PTSD, Social Skill Development",All Ages,CBT
"Post Sprunk, Trudy",(678) 740-3813,"4893 Lavista Road
Tucker, GA 30084",,Tucker,Female,In Person and Virtual Options,,"ADHD, Adoption, Anxiety, Behavioral Challenges, Depression, Family Changes, Family Therapy & Parenting Support, Grief & Loss, Identity Development, Learning Differences, OCD, Play Therapy, Self-Esteem, Stress Management, Trauma or PTSD",All Ages,"EMDR, Family Systems Therapy, Play Therapy, Trauma Focused Therapy, Art/Expressive Therapy"
Recovery DBT,678-336-6875,"1640 Powers Ferry Rd, Bldg 4, Suite 300
Marietta, GA 30067

1111 Cambridge Square, Suite 200
Alpharetta, GA 30009",https://recoverydbt.com/about/,"Marietta
Alpharetta","Male, Female",In Person and Virtual Options,"In-Network: Aetna, Cigna, BlueCross/BlueShield, Humana, UnitedHealthcare, Anthem, Magellan, ComPsych, UMR; Also Works with Out-of-Network Plans","Addiction/Substance Use, Ander Management, Anxiety, Behavioral Challenges, Depression, Eating Disorders/Body Image, OCD, Self-Esteem, Self-Harm, Social Skill Development, Trauma or PTSD, ""IOP, PHP""",Teem,DBT
"Roche, Elise, LPC",(762) 499-5920,"215 Church St, Suite 106
Decatur, Ga 30030",https://goodmesstherapy.com/,Decatur,Female,In Person Only,In-Network: Aetna and several United Healthcare/Optum-affiliated plans,"Art Therapy, ADHD, Anxiety, Depression, OCD, Identity Development",Teens and Adults,"Acceptance & Committment Therapy (ACT), Art/Expressive Therapy, CBT, DBT"
Rogers Behavioral Health,470-622-2400,"50 Glenlake Parkway Northeast
Suite 200
Sandy Springs, GA 30328",https://rogersbh.org/locations/atlanta-ga,Sandy Springs,"Female, Male",In Person and Virtual Options,"Aetna, Anthem, BCBS, Cigna, Humana, Oscar, UnitedHealthcare, Optum, and others; sliding scale available","Anxiety, Depression, Trauma or PTSD, ""IOP, PHP"", OCD, Residential, Crisis Intervention",8 and older,"CBT, Acceptance & Committment Therapy (ACT)"
"Rogers, Sabrina, Ed.S.",(404) 941-6088,"3350 Riverwood Pkwy, Suite 1900
Atlanta, GA 30339",horizonspac.com,Atlanta,Female,In Person Only,Not Applicable (Psychoeducational Assessment Practice),Psychoeducational Testing,All Ages,
Sandy Springs Psychological Center,(404) 255-1032,"6000 Lake Forrest Drive NW
Suite 575
Sandy Springs, GA 30328",https://judywolmanphd.com/,Sandy Springs,Female,In Person Only,Various,"ADHD, Learning Differences, Family Therapy & Parenting Support, Psychoeducational Testing, Self-Esteem",All Ages,CBT
Sea Change Psychotherapy,404-448-2080,"50 Lenox Pointe NE, Suite B
Atlanta, GA 30324",https://seachangepsychotherapy.com/,Buckhead,Female,In Person and Virtual Options,Out-of-Network Only; Superbill Provided,"Anxiety, Academic Support, ADHD, Behavioral Challenges, Depression, Eating Disorders/Body Image, Family Changes, Family Therapy & Parenting Support, Grief & Loss, Identity Development, Learning Differences, Self-Esteem, Self-Harm, Stress Management, Trauma or PTSD",Teens and Adults,"EMDR, Emotionally Focused THerapy (EFT), Internal Family Systems (IFS), Attachment-Based Therapy, DBT"
"Silverman, Amy, Ph.D.",404-382-8121,"5871 Glenridge Dr. Suite 220
Atlanta, GA 30328",dramysilverman.com,Sandy Springs,Female,In Person and Virtual Options,Not Applicable (Psychoeducational Assessment Practice),Psychoeducational Testing,All Ages,
"Smith Graham, Kimbrell",(404) 593-0892,,https://www.supportedparent.com/,Buckhead,Female,Virtual Only,"Not Applicable (Educational/School Placement Consulting, not therapy)","Family Therapy & Parenting Support, Identity Development, Academic Support",Adults,
"Smith, Paul, LPC",(404) 495-5761,"5180 Roswell Rd Suite 106
Atlanta, GA 30342",https://www.psychologytoday.com/us/therapists/paul-smith-atlanta-ga/358734,Atlanta,Male,In Person and Virtual Options,,"Academic Support, ADHD, Anxiety, Behavioral Challenges, Depression, Developmental (ASD), Family Changes, Family Therapy & Parenting Support, Grief & Loss, Identity Development, Learning Differences, Self-Esteem, Self-Harm, Stress Management",Teens and Adults,"CBT, Internal Family Systems (IFS), Motivational Interviewing, Person Centered/Humanistic Therapy, Psychodynamic/Psychoanalytic, Other/Eclectic"
"Steurer, Loretta, LCSW",770-449-5759,"6045 Atlantic Blvd. 
Norcross, GA 30071",,Norcross,Female,In Person Only,,"Anxiety, ADHD, Depression",All Ages,Family Systems Therapy
Stone Cottage Counseling,404-490-1865," 2033 Hosea Williams Dr, Suite 2, Atlanta, GA 30317",http://stonecottagecounseling.com/about/,Kirkwood,Female,In Person and Virtual Options,Various,"Anxiety, Depression, Self-Harm",Teens and Adults,Mindfulness-Based Therapy
"Stuart, Leslie, PhD. & Associates",404-943-9494,"1100 Johnson Ferry Rd., suite 203
Atlanta, GA 30342",https://www.drlesliestuart.com/,Atlanta,Female,In Person Only,Not Applicable (Primarily Psychological Testing/Assessment Practice),"ADHD, Learning Differences, Psychoeducational Testing",All Ages,
"Sturgess, David, LPC",678-501-7684 ,"376 Powder Springs St. Ste. 140 
Marietta, GA 30064",https://www.foundrycounseling.com/,Marietta,"Male, Female",In Person and Virtual Options,Out-of-Network Only; Superbill Provided,"Addiction/Substance Use, Anxiety, Depression, Trauma or PTSD, Stress Management, Grief & Loss",Teens and Adults,"CBT, DBT, Trauma Focused Therapy"
"Swann, Stephanie, PhD., LCSW",(404) 906-1862,"675 Seminole Ave NE Ste 210
Atlanta, GA 30307",https://www.stephanieswann.com/,Atlanta,Female,In Person and Virtual Options,,"Trauma or PTSD, Anxiety, Depression, Identity Development, Self-Harm",Teens and Adults,Mindfulness-Based Therapy
"Terry, Lisa, LPC",770-645-1733,"11795 Northfall Lane, Suite 601
Alpharetta, GA 30009",https://lisaterry.com/,Alpharetta,Female,In Person Only,,"Anxiety, OCD, Identity Development, Family Changes, Family Therapy & Parenting Support",Teens and Adults,CBT
Text Crisis Line,741741,Text 24/7 to be connected with a crisis counselor,https://www.crisistextline.org/,Nationwide,"Female, Male",Virtual Only,Not Applicable (Free Crisis Line),"Crisis Intervention, Bi-Lingual",All Ages,
The Atlanta Psychology Group,404-875-2050,"2 Ameris Center, 3500 Piedmont Road, Suite 740
Atlanta, GA 30305",https://atlantapsychgroup.com/,Atlanta,Female,In Person Only,,"Academic Support, ADHD, Anxiety, Depression, Behavioral Challenges, Psychoeducational Testing, Social Skill Development",All Ages,
The Berman Center,770-336-7444,"1200 Ashwood Parkway Suite 400
Atlanta, GA 30338",https://bermancenteratl.com/,Dunwoody,"Female, Male",In Person Only,"Most major commercial insurance including Aetna, BCBS; verification of benefits offered","""IOP, PHP"", Trauma or PTSD, Anxiety, Depression, Crisis Intervention, Self-Harm, Grief & Loss",Teens and Adults,"CBT, DBT, Art/Expressive Therapy"
The Clinic at Virtually Better,(404) 634-3400,"235 East Ponce de Leon Ave, Suite 200
Decatur, Georgia 30030 ",https://www.virtuallybetter.com/clinic/,Decatur,"Female, Male",In Person and Virtual Options,,"Anxiety, Depression, Behavioral Challenges, Eating Disorders/Body Image, Ander Management, Social Skill Development, Stress Management, Self-Esteem, Developmental (ASD), Family Changes, Family Therapy & Parenting Support, Trauma or PTSD, ADHD",All Ages,"CBT, Other/Eclectic"
The Emily Program,470-336-3428,"41 Perimeter Center East, Suite 250
Dunwoody, GA 30346",https://emilyprogram.com/,Dunwoody,"Female, Male",In Person and Virtual Options,"Aetna, Cigna, Humana, Medicaid, United Healthcare",Eating Disorders/Body Image,All Ages,"CBT, DBT, Family Systems Therapy"
The Latoria Group,470-737-0055,"4333 Lynburn Drive
Tucker, GA 30084",https://latoria.com/,Tucker,Female,In Person and Virtual Options,"Aetna, BlueCross/BlueShield, Cigna, Humana, United Healthcare","ADHD, Addiction/Substance Use, Academic Support, Ander Management, Anxiety, OCD, Stress Management, Social Skill Development, Developmental (ASD), Learning Differences, Family Changes, Behavioral Challenges, Grief & Loss, Family Therapy & Parenting Support, Self-Harm, Trauma or PTSD, Art Therapy, Play Therapy",All Ages,"CBT, DBT, EMDR, Family Systems Therapy, Play Therapy, Somatic Therapy"
The Launch Pad,(404) 939-7712,"1411 Dutch Valley Place NE
Atlanta, GA 30324",https://www.thelaunchpadatl.com/,"Midtown
Atlanta",Male,In Person and Virtual Options,,"Academic Support, Family Therapy & Parenting Support, Self-Esteem, Social Skill Development, Stress Management",Teens and Adults,
The Parent Child Practice,(678) 649-1940,"2751 Buford Hwy NE, Ste. 410
Atlanta, GA 30324",https://www.parentchildpractice.com/,Atlanta,Female,In Person Only,Blue Cross Blue Shield,"ADHD, Anxiety, Depression, Developmental (ASD), Learning Differences, Family Therapy & Parenting Support, Psychoeducational Testing",All Ages,
The Renfrew Center,800-Renfrew,"50 Glenlake Parkway
Suite 120
Atlanta, GA 30328",https://renfrewcenter.com/,Atlanta,Female,In Person and Virtual Options,"Aetna, BlueCross/BlueShield, Cigna, Humana, Various","Addiction/Substance Use, Art Therapy, Eating Disorders/Body Image, ""IOP, PHP"", Self-Harm, Trauma or PTSD",12 and older,"CBT, DBT, Family Systems Therapy, Art/Expressive Therapy, Other/Eclectic"
The Summit Counseling Center,(678) 893-5300,Multiple,https://summitcounseling.org/,"Dunwoody
Johns Creek
Milton
Roswell
Sugar Hill","Female, Male",In Person and Virtual Options,Various,"Addiction/Substance Use, ADHD, Adoption, Ander Management, Behavioral Challenges, Depression, Developmental (ASD), Eating Disorders/Body Image, Grief & Loss, Family Changes, Identity Development, Learning Differences, Family Therapy & Parenting Support, Self-Esteem, Self-Harm, Social Skill Development, Trauma or PTSD",All Ages,"Acceptance & Committment Therapy (ACT), CBT, DBT, EMDR, Family Systems Therapy, Motivational Interviewing, Play Therapy, Trauma Focused Therapy"
"Thomas, Brian, M.D.",404-351-2008,"3520 Piedmont Rd NE, Suite 330 / 350 / 300
Atlanta, GA 30305",pchprofessionals.com,Atlanta/ Buckhead,Male,In Person and Virtual Options,Varies (Part of Peachtree Comprehensive Health),"Psychoeducational Testing, Psychiatrist",All Ages,
"Uchida, Cristiane, LPC",770-338-3712,"555 North Point Center E, 4th floor
Alpharetta GA 30022 ",https://www.uchidacounseling.com/,Alpharetta,Female,In Person and Virtual Options,,"Anxiety, Family Changes, Family Therapy & Parenting Support, Play Therapy, Social Skill Development, Stress Management, Trauma or PTSD, Bi-Lingual",All Ages,Play Therapy
Understanding Minds,317-989-9799,"3350 Northlake Parkway Suite B 
Atlanta, GA 30345",https://understandingmindsatl.com/,Atlanta,"Male, Female",In Person Only,Not Applicable (Psychoeducational/Neuropsychological Assessment Practice),"Academic Support, ADHD, Developmental (ASD), Learning Differences, Psychoeducational Testing",All Ages,
University of Georgia: School Psychology Clinic,706-542-4265,"302 Aderhold Hall, 110 Carlton Street
Athens, GA 30602",https://psychologyclinic.gsu.edu/,Athens,"Female, Male",In Person and Virtual Options,,"Academic Support, ADHD, Behavioral Challenges, Learning Differences, Bi-Lingual, Psychoeducational Testing, Social Skill Development",,"DBT, Other/Eclectic"
University of Georgial: Regent Center for Learning Disorders,(706) 542-4589,"331 Milledge Hall
University of Georgia
Athens, GA   30602",https://www.rcld.uga.edu/,Athens,,In Person Only,"Not Applicable (University Assessment Center, restricted to USG students)",Psychoeducational Testing,Teens and Adults,
"Webb, Judi-Lee, PhD",404.861.2275,"3330 Cumberland Boulevard, Suite 175
Atlanta, GA  30339",https://www.psychologicalsolutionsatl.com/,,Female,In Person and Virtual Options,,"Anxiety, Depression, Eating Disorders/Body Image, Family Changes, Family Therapy & Parenting Support, Grief & Loss, Identity Development, Self-Esteem, Stress Management, Trauma or PTSD",All Ages,
Wiz Kids Assessment,404-609-4949,"6111 Peachtree Dunwoody Road, Building F, Suite 203
Atlanta, GA 30328",https://www.wizkidzassessments.com/drbucovetsky,Atlanta,Male,In Person Only,,"ADHD, Anxiety, Depression, Learning Differences, Psychoeducational Testing",All Ages,
"Wolman, Judy, Ph.D.",404-255-1032,"Sandy Springs Psychological Center, P.C.
6000 Lake Forrest Drive NW, Suite 575
Sandy Springs (Atlanta), GA 30328",www.judywolmanphd.com,Sandy Springs,Female,In Person Only,,"Psychoeducational Testing, Learning Differences, ADHD",All Ages,CBT
Wonders & Worries,512-329-5757,,https://wondersandworries.org/,Atlanta,Female,In Person and Virtual Options,Not Applicable (Free Nonprofit Service),"Family Changes, Grief & Loss",6-18,
Youth LGTBQ+ Help Center,800-246-7743,Call 24/7 to be connected with a crisis counselor,https://lgbthotline.org/,Nationwide,,,Not Applicable (Free Crisis/Help Line),Crisis Intervention,All Ages,